n;x_n;|x_n - x_n-1|;log(|x_n - x_n-1|);|x_n - x_r|;log(|x_n - x_r|);alpha;lambda
1;2.658781828703704f;0.000000000000000f;-1.#INF00000000000f;0.009619820018241f;-2.016833053306878f;0.000000000000000f;0.000000000000000f
2;2.666365163460307f;0.007583334756603f;-2.120139772216439f;0.002036485261638f;-2.691118728623645f;0.000000000000000f;0.000000000000000f
3;2.667975103394874f;0.001609939934567f;-2.793190326808281f;0.000426545327071f;-3.370034811505386f;1.008325471109251f;0.221106040700159f
4;2.668312511612474f;0.000337408217599f;-3.471844344347442f;0.000089137109471f;-4.049941453276560f;1.001764828193354f;0.211970528924665f
5;2.668383030252851f;0.000070518640378f;-4.151696069630289f;0.000018618469094f;-4.730056031815979f;1.000369751142100f;0.209619650780812f
6;2.668397760187808f;0.000014729934957f;-4.831799170865019f;0.000003888534136f;-5.410214084129922f;1.000077273139430f;0.209034376493794f
7;2.668400836604608f;0.000003076416799f;-5.511954825801518f;0.000000812117337f;-6.090381217933000f;0.000000000000000f;0.000000000000000f
