n;x_n;|x_n - x_n-1|;log(|x_n - x_n-1|);|x_n - x_r|;log(|x_n - x_r|);alpha;lambda
1;2.666116393731291f;0.000000000000000f;-1.#INF00000000000f;0.002285254990654f;-2.641065333950604f;0.000000000000000f;0.000000000000000f
2;2.668439246573571f;0.002322852842280f;-2.633978302817074f;0.000037597851626f;-4.424836970325332f;0.000000000000000f;0.000000000000000f
3;2.668401616504551f;0.000037630069020f;-4.424464985109865f;0.000000032217394f;-7.491909596529294f;1.713193825944988f;1.224758270850406f
4;2.668401648721491f;0.000000032216940f;-7.491915714650602f;0.000000000000454f;-12.343078883064347f;0.000000000000000f;0.000000000000000f
