n;x_n;|x_n - x_n-1|;log(|x_n - x_n-1|);|x_n - x_r|;log(|x_n - x_r|);alpha;lambda
1;0.747540983606557f;0.000000000000000f;-1.#INF00000000000f;1.920860665115387f;0.283495863265553f;0.000000000000000f;0.000000000000000f
2;1.109118786646279f;0.361577803039721f;-0.441798238355010f;1.559282862075666f;0.192924905628562f;0.000000000000000f;0.000000000000000f
3;1.606014795374170f;0.496896008727891f;-0.303734491671481f;1.062386853347775f;0.026282687820400f;0.410786443960229f;0.754658096133038f
4;2.172228300599436f;0.566213505225266f;-0.247019776131529f;0.496173348122509f;-0.304366567500709f;-2.778003772408854f;0.081134331129623f
5;2.566165080090498f;0.393936779491062f;-0.404573469852612f;0.102236568631447f;-0.990393735177809f;3.828662498281743f;3.476817407318058f
6;2.664386591242948f;0.098221511152450f;-1.007793388468293f;0.004015057478997f;-2.396308233042202f;2.302923724251475f;0.839283052289400f
7;2.668395601339530f;0.004009010096582f;-2.396962849989387f;0.000006047382415f;-5.218432567264326f;2.031048608294169f;0.446595671115043f
8;2.668401648708240f;0.000006047368710f;-5.218433551496565f;0.000000000013705f;-10.863119784308772f;0.000000000000000f;0.000000000000000f
