n;x_n;|x_n - x_n-1|;log(|x_n - x_n-1|);|x_n - x_r|;log(|x_n - x_r|);alpha;lambda
1;2.66612;0;-inf;0.00228525;-2.64107;0;0
2;2.66844;0.00232285;-2.63398;3.75979e-05;-4.42484;0;0
3;2.6684;3.76301e-05;-4.42446;3.22174e-08;-7.49191;1.71319;1.22476
4;2.6684;3.22169e-08;-7.49192;4.53859e-13;-12.3431;1.5815;0.320156
5;2.6684;4.53859e-13;-12.3431;0;-inf;inf;-nan
6;2.6684;0;-inf;0;-inf;0;0
