n;x_n;|x_n - x_n-1|;log(|x_n - x_n-1|);|x_n - x_r|;log(|x_n - x_r|);alpha;lambda
1;2.658781828703704;0.000000000000000;-inf;0.009619820018241;-2.016833053306878;0.000000000000000;0.000000000000000
2;2.666365163460307;0.007583334756603;-2.120139772216439;0.002036485261638;-2.691118728623645;0.000000000000000;0.000000000000000
3;2.667975103394874;0.001609939934567;-2.793190326808280;0.000426545327071;-3.370034811505386;1.008325471109251;0.221106040700159
4;2.668312511612474;0.000337408217599;-3.471844344347442;0.000089137109471;-4.049941453276560;1.001764828193354;0.211970528924665
5;2.668383030252851;0.000070518640378;-4.151696069630289;0.000018618469094;-4.730056031815979;1.000369751142100;0.209619650780812
6;2.668397760187808;0.000014729934957;-4.831799170865019;0.000003888534136;-5.410214084129922;1.000077273139430;0.209034376493794
7;2.668400836604607;0.000003076416799;-5.511954825801518;0.000000812117337;-6.090381217933000;0.000000000000000;0.000000000000000
