n;x_n;|x_n - x_n-1|;log(|x_n - x_n-1|);|x_n - x_r|;log(|x_n - x_r|);alpha;lambda
1;2.666116393731291;0.000000000000000;-inf;0.002285254990654;-2.641065333950604;0.000000000000000;0.000000000000000
2;2.668439246573571;0.002322852842280;-2.633978302817074;0.000037597851626;-4.424836970325332;0.000000000000000;0.000000000000000
3;2.668401616504551;0.000037630069020;-4.424464985109865;0.000000032217394;-7.491909596529294;1.713193825944988;1.224758270850406
4;2.668401648721491;0.000000032216940;-7.491915714650602;0.000000000000454;-12.343078883064347;0.000000000000000;0.000000000000000
