n;x_n;|x_n - x_n-1|;log(|x_n - x_n-1|);|x_n - x_r|;log(|x_n - x_r|);alpha;lambda
1;2.65878;0;-inf;0.00961982;-2.01683;0;0
2;2.66637;0.00758333;-2.12014;0.00203649;-2.69112;0;0
3;2.66798;0.00160994;-2.79319;0.000426545;-3.37003;1.00833;0.221106
4;2.66831;0.000337408;-3.47184;8.91371e-05;-4.04994;1.00176;0.211971
5;2.66838;7.05186e-05;-4.1517;1.86185e-05;-4.73006;1.00037;0.20962
6;2.6684;1.47299e-05;-4.8318;3.88853e-06;-5.41021;1.00008;0.209034
7;2.6684;3.07642e-06;-5.51195;8.12117e-07;-6.09038;0;0
