n;x_n;|x_n - x_n-1|;log(|x_n - x_n-1|);|x_n - x_r|;log(|x_n - x_r|);alpha;lambda
1;19;0;-inf;18.195;1.25995;0;0
2;-6821;6840;3.83506;6821.8;3.8339;0;0
3;3.17354e+11;3.17354e+11;11.5015;3.17354e+11;11.5015;3.00047;0.987559
4;-3.19619e+34;3.19619e+34;34.5046;3.19619e+34;34.5046;3;1
5;3.26511e+103;3.26511e+103;103.514;3.26511e+103;103.514;inf;-nan(ind)
6;-inf;inf;inf;inf;inf;nan;nan
7;-nan(ind);nan;nan;nan;nan;0;0
