n;x_n;|x_n - x_n-1|;log(|x_n - x_n-1|);|x_n - x_r|;log(|x_n - x_r|);alpha;lambda
1;0.895556;0;-inf;0.0905665;-1.04303;0;0
2;0.866414;0.0291412;-1.53549;0.0614253;-1.21165;0;0
3;0.830871;0.0355434;-1.44924;0.0258819;-1.587;-2.4272;6.66517e-06
4;0.808922;0.0219487;-1.65859;0.00393314;-2.40526;3.60958;3737.32
5;0.80507;0.00385252;-2.41426;8.06184e-05;-4.09357;2.21926;18.4752
6;0.804989;8.10453e-05;-4.09127;4.26919e-07;-6.36965;2.01589;5.96481
7;0.804989;3.37325e-08;-7.47195;4.60652e-07;-6.33663;1.98318;4.38297
8;0.804989;6.66134e-15;-14.1764;4.60652e-07;-6.33663;0;0
