n;x_n;|x_n - x_n-1|;log(|x_n - x_n-1|);|x_n - x_r|;log(|x_n - x_r|);alpha;lambda
1;0.895556;3.37325e-008;247.875;0.0905665;-1.04303;0;0
2;0.866414;3.37325e-008;247.875;0.0614253;-1.21165;0;0
3;0.830871;3.37325e-008;247.875;0.0258819;-1.587;-2.4272;6.66517e-006
4;0.808922;3.37325e-008;247.875;0.00393314;-2.40526;3.60958;3737.32
5;0.80507;3.37325e-008;247.875;8.06184e-005;-4.09357;2.21926;18.4752
6;0.804989;3.37325e-008;247.875;4.26919e-007;-6.36965;2.01589;5.96481
7;0.804989;3.37325e-008;247.875;4.60652e-007;-6.33663;0;0
