n;x_n;|x_n - x_n-1|;log(|x_n - x_n-1|);|x_n - x_r|;log(|x_n - x_r|);alpha;lambda
1;0.666392;5.51257e-007;-84.2964;0.138597;-0.858246;0;0
2;0.758027;5.51257e-007;-84.2964;0.0469622;-1.32825;0;0
3;0.796733;5.51257e-007;-84.2964;0.00825615;-2.08322;1.83991;3.14408
4;0.80466;5.51257e-007;-84.2964;0.000328721;-3.48317;2.00922;5.45257
5;0.804988;5.51257e-007;-84.2964;1.01191e-006;-5.99486;2.00495;5.34094
6;0.804989;5.51257e-007;-84.2964;4.60653e-007;-6.33663;0;0
