n;x_n;|x_n - x_n-1|;log(|x_n - x_n-1|);|x_n - x_r|;log(|x_n - x_r|);alpha;lambda
1;0.895555512355254f;0.000000000000000f;-1.#INF00000000000f;0.090566973006854f;-1.043030147310665f;0.000000000000000f;0.000000000000000f
2;0.866414294198047f;0.029141218157207f;-1.535492297868170f;0.061425754849647f;-1.211649497851187f;0.000000000000000f;0.000000000000000f
3;0.830870874692073f;0.035543419505974f;-1.449240792593285f;0.025882335343673f;-1.586996540170551f;-2.427200504393051f;0.000006665174553f
4;0.808922138920934f;0.021948735771139f;-1.658590489701146f;0.003933599572534f;-2.405209851912886f;3.609580341953643f;3737.322590485599000f
5;0.805069618415047f;0.003852520505886f;-2.414255040975633f;0.000081079066647f;-4.091091259390028f;2.219261098325896f;18.475249449451987f
6;0.804988573080934f;0.000081045334113f;-4.091271983002995f;0.000000033732534f;-7.471951029091223f;2.015888427460543f;5.964812755208889f
7;0.804988539348400f;0.000000033732534f;-7.471951029091223f;0.000000000000000f;-1.#INF00000000000f;1.983177757874968f;4.382970716112252f
8;0.804988539348393f;0.000000000000007f;-14.176438519807359f;0.000000000000007f;-14.176438519807359f;0.000000000000000f;0.000000000000000f
