n;x_n;|x_n - x_n-1|;log(|x_n - x_n-1|);|x_n - x_r|;log(|x_n - x_r|);alpha;lambda
1;0.666392;0;-inf;0.138597;-0.858246;0;0
2;0.758027;0.0916349;-1.03794;0.0469622;-1.32825;0;0
3;0.796733;0.038706;-1.41222;0.00825615;-2.08322;1.83991;3.14408
4;0.80466;0.00792743;-2.10087;0.000328721;-3.48317;2.00922;5.45257
5;0.804988;0.000327709;-3.48451;1.01191e-06;-5.99486;2.00495;5.34094
6;0.804989;5.51257e-07;-6.25865;4.60653e-07;-6.33663;0;0
