n;x_n;|x_n - x_n-1|;log(|x_n - x_n-1|);|x_n - x_r|;log(|x_n - x_r|);alpha;lambda
1;-15.94;0;-inf;16.745;1.22388;0;0
2;1.50106e+06;1.50107e+06;6.1764;1.50106e+06;6.1764;0;0
3;-7.62055e+30;7.62055e+30;30.882;7.62055e+30;30.882;5;0.999928
4;2.56999e+154;2.56999e+154;154.41;2.56999e+154;154.41;nan;nan
5;-nan(ind);nan;nan;nan;nan;0;0
