n;x_n;|x_n - x_n-1|;log(|x_n - x_n-1|);|x_n - x_r|;log(|x_n - x_r|);alpha;lambda
1;0.666391971578215;0.000000000000000;-inf;0.138596567770185;-0.858247524536086;0.000000000000000;0.000000000000000
2;0.758026845435878;0.091634873857664;-1.037939213651108;0.046961693912522;-1.328256246436907;0.000000000000000;0.000000000000000
3;0.796732853045356;0.038706007609478;-1.412221622341386;0.008255686303044;-2.083246817587673;1.839910572638891;3.144080887816427
4;0.804660279411147;0.007927426365791;-2.100867783243378;0.000328259937253;-3.483782117854646;2.009223825036025;5.452573726883815
5;0.804987988090080;0.000327708678933;-3.484512056747252;0.000000551258320;-6.258644843136074;2.004947421691195;5.340936180726574
6;0.804988539346836;0.000000551256755;-6.258646075446632;0.000000000001564;-11.805709601062773;0.000000000000000;0.000000000000000
