n;x_n;|x_n - x_n-1|;log(|x_n - x_n-1|);|x_n - x_r|;log(|x_n - x_r|);alpha;lambda
1;0.895556;0;-inf;0.090567;-1.04303;0;0
2;0.866414;0.0291412;-1.53549;0.0614258;-1.21165;0;0
3;0.830871;0.0355434;-1.44924;0.0258823;-1.587;-2.4272;6.66517e-06
4;0.808922;0.0219487;-1.65859;0.0039336;-2.40521;3.60958;3737.32
5;0.80507;0.00385252;-2.41426;8.10791e-05;-4.09109;2.21926;18.4752
6;0.804989;8.10453e-05;-4.09127;3.37325e-08;-7.47195;2.01589;5.96481
7;0.804989;3.37325e-08;-7.47195;3.33067e-16;-15.4775;2.01455;5.88998
8;0.804989;5.21805e-15;-14.2825;4.88498e-15;-14.3111;0;0
