n;x_n;|x_n - x_n-1|;log(|x_n - x_n-1|);|x_n - x_r|;log(|x_n - x_r|);alpha;lambda
1;0.889763;0;-inf;0.0102371;-1.98982;0;0
2;0.902172;0.0124088;-1.90627;0.00217164;-2.66321;0;0
3;0.899999;0.00217236;-2.66307;7.17322e-07;-6.14429;4.59992;1.27535e+06
4;0.9;7.17335e-07;-6.14428;1.35273e-11;-10.8688;1.35715;0.00295051
5;0.9;1.35273e-11;-10.8688;0;-inf;inf;-nan
6;0.9;0;-inf;0;-inf;0;0
