n;x_n;|x_n - x_n-1|;log(|x_n - x_n-1|);|x_n - x_r|;log(|x_n - x_r|);alpha;lambda
1;0.920828379350472f;0.000000000000000f;-1.#INF00000000000f;0.020828379350472f;-1.681344521052206f;0.000000000000000f;0.000000000000000f
2;0.897725859899259f;0.023102519451214f;-1.636340655428455f;0.002274140100741f;-2.643182783665577f;0.000000000000000f;0.000000000000000f
3;0.900252629961955f;0.002526770062696f;-2.597434277290915f;0.000252629961955f;-3.597515143329580f;0.992955800183821f;0.106507371683523f
4;0.899971930075886f;0.000280699886068f;-3.551757763638920f;0.000028069924114f;-4.551758761470330f;0.999916194341269f;0.111034728240640f
5;0.900003118880359f;0.000031188804472f;-4.506001272278509f;0.000003118880359f;-5.506001284598195f;0.999998965809306f;0.111109915718955f
6;0.899999653457738f;0.000003465422621f;-5.460243794048341f;0.000000346542262f;-6.460243794145736f;0.000000000000000f;0.000000000000000f
