n;x_n;|x_n - x_n-1|;log(|x_n - x_n-1|);|x_n - x_r|;log(|x_n - x_r|);alpha;lambda
1;0.734352f;9.96734e-006f;228.682f;0.165648f;-0.780814f;0f;0f
2;0.899273f;9.96734e-006f;228.682f;0.000726635f;-3.13868f;0f;0f
3;0.900081f;9.96734e-006f;228.682f;8.07355e-005f;-4.09294f;0.413059f;0.00169975f
4;0.899991f;9.96734e-006f;228.682f;8.97061e-006f;-5.04718f;0.999991f;0.111102f
5;0.900001f;9.96734e-006f;228.682f;9.96734e-007f;-6.00142f;0f;0f
