n;x_n;|x_n - x_n-1|;log(|x_n - x_n-1|);|x_n - x_r|;log(|x_n - x_r|);alpha;lambda
1;0.914815f;2.2411e-012f;247.875f;0.0148148f;-1.8293f;0f;0f
2;0.900052f;2.2411e-012f;247.875f;5.19334e-005f;-4.28455f;0f;0f
3;0.9f;2.2411e-012f;247.875f;2.2411e-012f;-11.6495f;3.00155f;16.2472f
4;0.9f;2.2411e-012f;247.875f;0f;-1.#INFf;0f;0f
