n;x_n;|x_n - x_n-1|;log(|x_n - x_n-1|);|x_n - x_r|;log(|x_n - x_r|);alpha;lambda
1;0.450877;0;-inf;0.449123;-0.347635;0;0
2;0.345424;0.105453;-0.97694;0.554576;-0.256039;0;0
3;0.111371;0.234052;-0.630687;0.788629;-0.103128;1.01249;2.28271
4;-0.413302;0.524674;-0.280111;1.3133;0.118365;0.956754;2.10524
5;-1.54911;1.13581;0.0553042;2.44911;0.389008;0.940924;2.08385
6;-3.89822;2.34911;0.370904;4.79822;0.68108;0.967872;2.07671
7;-8.64462;4.7464;0.676364;9.54462;0.979759;0.989335;2.03899
8;-18.1631;9.51847;0.978567;19.0631;1.28019;nan;nan
9;-nan(ind);nan;nan;nan;nan;0;0
