n;x_n;|x_n - x_n-1|;log(|x_n - x_n-1|);|x_n - x_r|;log(|x_n - x_r|);alpha;lambda
1;0.843518f;0f;247.826f;0.0564824f;-1.24809f;0f;0f
2;0.966989f;0f;247.826f;0.066989f;-1.174f;0f;0f
3;0.900159f;0f;247.826f;0.00015905f;-3.79847f;9.81121f;5.46771e+007f
4;0.899997f;0f;247.826f;2.8877e-006f;-5.53945f;0.668596f;0.000988476f
5;0.9f;0f;247.826f;2.86882e-013f;-12.5423f;4.00439f;4.36304e+009f
6;0.9f;0f;247.826f;0f;-1.#INFf;1.#INFf;-1.#INDf
7;0.9f;0f;247.826f;0f;-1.#INFf;0f;0f
