n;x_n;|x_n - x_n-1|;log(|x_n - x_n-1|);|x_n - x_r|;log(|x_n - x_r|);alpha;lambda
1;0.914814814814815f;0.000000000000000f;-1.#INF00000000000f;0.014814814814815f;-1.829303772831024f;0.000000000000000f;0.000000000000000f
2;0.900051933403525f;0.014762881411290f;-1.830828868875203f;0.000051933403525f;-4.284553214406312f;0.000000000000000f;0.000000000000000f
3;0.900000000002241f;0.000051933401284f;-4.284553233147539f;0.000000000002241f;-11.649539501273781f;3.001554035720047f;16.247200761323203f
4;0.900000000000000f;0.000000000002241f;-11.649539501273781f;0.000000000000000f;-1.#INF00000000000f;0.000000000000000f;0.000000000000000f
