n;x_n;|x_n - x_n-1|;log(|x_n - x_n-1|);|x_n - x_r|;log(|x_n - x_r|);alpha;lambda
1;0.914815;0;-inf;0.0148148;-1.8293;0;0
2;0.900052;0.0147629;-1.83083;5.19334e-05;-4.28455;0;0
3;0.9;5.19334e-05;-4.28455;2.2411e-12;-11.6495;3.00155;16.2472
4;0.9;2.2411e-12;-11.6495;0;-inf;0;0
