n;x_n;|x_n - x_n-1|;log(|x_n - x_n-1|);|x_n - x_r|;log(|x_n - x_r|);alpha;lambda
1;0.891304;1.22125e-015;-84.2964;0.00869565;-2.0607;0;0
2;0.900005;1.22125e-015;-84.2964;5.26331e-006;-5.27874;0;0
3;0.9;1.22125e-015;-84.2964;1.22125e-015;-14.9132;2.99364;7.75291
4;0.9;1.22125e-015;-84.2964;0;-1.#INF;0;0
