n;x_n;|x_n - x_n-1|;log(|x_n - x_n-1|);|x_n - x_r|;log(|x_n - x_r|);alpha;lambda
1;0.891304347826087f;0.000000000000000f;-1.#INF00000000000f;0.008695652173913f;-2.060697840353614f;0.000000000000000f;0.000000000000000f
2;0.900005263313717f;0.008700915487630f;-2.060435049644799f;0.000005263313717f;-5.278740743359596f;0.000000000000000f;0.000000000000000f
3;0.899999999999999f;0.000005263313718f;-5.278740743258827f;0.000000000000001f;-14.913197085032778f;2.993642387946946f;7.752913864855572f
4;0.900000000000000f;0.000000000000001f;-14.913197085032778f;0.000000000000000f;-1.#INF00000000000f;0.000000000000000f;0.000000000000000f
