n;x_n;|x_n - x_n-1|;log(|x_n - x_n-1|);|x_n - x_r|;log(|x_n - x_r|);alpha;lambda
1;0.891304347826087;0.000000000000000;-inf;0.008695652173913;-2.060697840353614;0.000000000000000;0.000000000000000
2;0.900005263313717;0.008700915487630;-2.060435049644799;0.000005263313717;-5.278740743359596;0.000000000000000;0.000000000000000
3;0.899999999999999;0.000005263313718;-5.278740743258827;0.000000000000001;-14.913197085032778;0.000000000000000;0.000000000000000
