n;x_n;|x_n - x_n-1|;log(|x_n - x_n-1|);|x_n - x_r|;log(|x_n - x_r|);alpha;lambda
1;0.891304f;5.26331e-006f;-84.2964f;0.00869565f;-2.0607f;0f;0f
2;0.900005f;5.26331e-006f;-84.2964f;5.26331e-006f;-5.27874f;0f;0f
3;0.9f;5.26331e-006f;-84.2964f;1.22125e-015f;-14.9132f;0f;0f
