n;x_n;|x_n - x_n-1|;log(|x_n - x_n-1|);|x_n - x_r|;log(|x_n - x_r|);alpha;lambda
1;0.920828;0;-inf;0.0208284;-1.68134;0;0
2;0.897726;0.0231025;-1.63634;0.00227414;-2.64318;0;0
3;0.900253;0.00252677;-2.59743;0.00025263;-3.59752;0.992956;0.106507
4;0.899972;0.0002807;-3.55176;2.80699e-05;-4.55176;0.999916;0.111035
5;0.900003;3.11888e-05;-4.506;3.11888e-06;-5.506;0.999999;0.11111
6;0.9;3.46542e-06;-5.46024;3.46542e-07;-6.46024;0;0
