n;x_n;|x_n - x_n-1|;log(|x_n - x_n-1|);|x_n - x_r|;log(|x_n - x_r|);alpha;lambda
1;0.734352;9.96734e-006;228.682;0.165648;-0.780814;0;0
2;0.899273;9.96734e-006;228.682;0.000726635;-3.13868;0;0
3;0.900081;9.96734e-006;228.682;8.07355e-005;-4.09294;0.413059;0.00169975
4;0.899991;9.96734e-006;228.682;8.97061e-006;-5.04718;0.999991;0.111102
5;0.900001;9.96734e-006;228.682;9.96734e-007;-6.00142;0;0
