n;x_n;|x_n - x_n-1|;log(|x_n - x_n-1|);|x_n - x_r|;log(|x_n - x_r|);alpha;lambda
1;0.843518;2.8877e-006;247.826;0.0564824;-1.24809;0;0
2;0.966989;2.8877e-006;247.826;0.066989;-1.174;0;0
3;0.900159;2.8877e-006;247.826;0.00015905;-3.79847;9.81121;5.46771e+007
4;0.899997;2.8877e-006;247.826;2.8877e-006;-5.53945;0.668596;0.000988476
5;0.9;2.8877e-006;247.826;2.86882e-013;-12.5423;0;0
